model,sampler,subnet,problem,c2st,std,c2st_median,c2st_mad,time,time_std
consistency_model,ode-euler,time_mlp,bernoulli_glm,0.531045001745224,0.0049919604279297,0.5304250121116638,0.003724992275238,0.4367082674987614,0.4430742396550762
cot_flow_matching,ode-rk45-adaptive,time_mlp,bernoulli_glm,0.5108150035142899,0.006505001862653,0.5114500224590302,0.0054749846458435,8.45096675902605,0.6859735542507356
diffusion_cosine_F,ode-tsit5-adaptive,time_mlp,bernoulli_glm,0.5109800040721894,0.0056085826547281,0.5102250277996063,0.0052500069141387,9.775827188417315,0.1832156310545483
diffusion_cosine_noise,sde-two_step-adaptive,time_mlp,bernoulli_glm,0.5102250069379807,0.0068773285502726,0.5097500085830688,0.0063749849796295,10.937054184824229,0.3006152930763744
diffusion_cosine_v,ode-rk45-adaptive,time_mlp,bernoulli_glm,0.5154300034046173,0.0056006726174095,0.5155750215053558,0.0053749978542327,9.415446190256626,0.689955181161737
diffusion_edm_ve,sde-two_step-adaptive,time_mlp,bernoulli_glm,0.6439400017261505,0.0509476781711825,0.635875016450882,0.0493249893188476,7.0656167034059765,0.1688038017791798
diffusion_edm_vp,sde-two_step-adaptive,time_mlp,bernoulli_glm,0.5095300018787384,0.0064840625825319,0.5074999928474426,0.0040000081062316,8.479680357687176,0.2232743549807252
diffusion_edm_vp_ema,sde-two_step-adaptive,time_mlp,bernoulli_glm,0.5133299887180328,0.005977506376014,0.5126999914646149,0.0046750009059906,8.791165050677956,0.2477230675359299
flow_matching,ode-tsit5-adaptive,time_mlp,bernoulli_glm,0.511080002784729,0.0049485040251409,0.5109499990940094,0.0038250088691711,8.306358288787305,0.0077815612570853
flow_matching_edm,ode-tsit5-adaptive,time_mlp,bernoulli_glm,0.512770003080368,0.0045558870217233,0.5102500021457672,0.00245001912117,8.164857781399041,0.0180596037096494
stable_consistency_model,ode-euler,time_mlp,bernoulli_glm,0.5508150041103363,0.0105842334233202,0.5515000224113464,0.0067000091075897,0.6449434543959797,0.6615005803891619
consistency_model,ode-euler,time_mlp,bernoulli_glm_raw,0.5572200000286103,0.0095886220846608,0.5579250156879425,0.0064499974250793,0.4405975708737969,0.4508506012824028
cot_flow_matching,ode-rk45-adaptive,time_mlp,bernoulli_glm_raw,0.5150950014591217,0.0074511923685893,0.5164250135421753,0.004624992609024,8.466579314693808,0.689784086854918
diffusion_cosine_F,ode-tsit5-adaptive,time_mlp,bernoulli_glm_raw,0.5149249911308289,0.0056502777913335,0.515874981880188,0.0041500031948089,10.80342307621613,0.2171639446448618
diffusion_cosine_noise,sde-two_step-adaptive,time_mlp,bernoulli_glm_raw,0.5121849954128266,0.0081111719926849,0.51112499833107,0.0042749941349029,10.049504023976624,0.2520964377825006
diffusion_cosine_v,ode-rk45-adaptive,time_mlp,bernoulli_glm_raw,0.5172849953174591,0.0069255733209655,0.5172749757766724,0.0061000287532806,9.618421084061264,0.6740400321021786
diffusion_edm_ve,sde-two_step-adaptive,time_mlp,bernoulli_glm_raw,0.6552749931812286,0.051691919204858,0.6568000018596649,0.0502000153064727,7.0847581621259454,0.2476074804930794
diffusion_edm_vp,sde-two_step-adaptive,time_mlp,bernoulli_glm_raw,0.5116200029850007,0.007314926016277,0.5106500089168549,0.0070250034332275,8.647826082352548,0.2453669853491847
diffusion_edm_vp_ema,sde-two_step-adaptive,time_mlp,bernoulli_glm_raw,0.5111349999904633,0.0048543884876147,0.509975016117096,0.0047000348567962,8.545805198792369,0.218913593894976
flow_matching,ode-tsit5-adaptive,time_mlp,bernoulli_glm_raw,0.5117449998855591,0.0058975222959805,0.5110750198364258,0.0036750435829162,8.132434529811144,0.008851789290212
flow_matching_edm,ode-tsit5-adaptive,time_mlp,bernoulli_glm_raw,0.5154100000858307,0.0068091059598828,0.5130500197410583,0.0033250153064727,8.204619187489152,0.017597502490893
stable_consistency_model,ode-euler,time_mlp,bernoulli_glm_raw,0.5484349966049195,0.0129766751202867,0.5497999787330627,0.0083750188350677,0.6575414475984871,0.6916114094915062
consistency_model,ode-euler,time_mlp,gaussian_linear,0.5300050020217896,0.0083721167072735,0.5301499962806702,0.0075750052928924,0.4398736829869449,0.4460443235246827
cot_flow_matching,ode-rk45-adaptive,time_mlp,gaussian_linear,0.5034700036048889,0.0017638243262968,0.5027750134468079,0.0009749978780746,8.48303537638858,0.7222219508893194
diffusion_cosine_F,ode-tsit5-adaptive,time_mlp,gaussian_linear,0.504135000705719,0.002913940769918,0.5028499960899353,0.0018250048160552,9.51027591228485,0.0143183889029404
diffusion_cosine_noise,sde-two_step-adaptive,time_mlp,gaussian_linear,0.5043599963188171,0.0034598986527378,0.5039249956607819,0.0022249817848205,8.662117773573845,0.1361040517531714
diffusion_cosine_v,ode-rk45-adaptive,time_mlp,gaussian_linear,0.5024600028991699,0.0018250762791038,0.5020000040531158,0.0011249929666519,9.478920985199512,0.6709322434067525
diffusion_edm_ve,sde-two_step-adaptive,time_mlp,gaussian_linear,0.7087199926376343,0.0120261011819225,0.7077749967575073,0.0111249983310699,5.790953692235052,0.2278886245162656
diffusion_edm_vp,sde-two_step-adaptive,time_mlp,gaussian_linear,0.5037350088357926,0.0026909256883081,0.5032000243663788,0.0027750134468078,7.280853723734618,0.1543764637991505
diffusion_edm_vp_ema,sde-two_step-adaptive,time_mlp,gaussian_linear,0.5033999949693679,0.0021772740658972,0.5027999877929688,0.0015999972820281,6.9190568592399355,0.1126843646875827
flow_matching,ode-tsit5-adaptive,time_mlp,gaussian_linear,0.502634996175766,0.0017301772838996,0.5022749900817871,0.001374989748001,8.196055310312659,0.0262609676902315
flow_matching_edm,ode-tsit5-adaptive,time_mlp,gaussian_linear,0.5024499922990799,0.0016766004507508,0.5023999959230423,0.0011000037193298,8.28067718334496,0.0094337895189588
stable_consistency_model,ode-euler,time_mlp,gaussian_linear,0.6021549999713898,0.004901956288303,0.6024750173091888,0.0033749639987945,0.6490468772128224,0.6584930645444061
consistency_model,ode-euler,time_mlp,gaussian_linear_uniform,0.5338350057601928,0.0031269033084603,0.5344000160694122,0.0024499893188476,0.4426190305501222,0.464453557645227
cot_flow_matching,ode-rk45-adaptive,time_mlp,gaussian_linear_uniform,0.504295003414154,0.0032801280163797,0.5033500045537949,0.0027250051498413,8.968131545837968,0.7027977544196164
diffusion_cosine_F,ode-tsit5-adaptive,time_mlp,gaussian_linear_uniform,0.5041800022125245,0.0019325000656922,0.5045500099658966,0.001499980688095,9.684052774030716,0.0289261329510163
diffusion_cosine_noise,sde-two_step-adaptive,time_mlp,gaussian_linear_uniform,0.502400004863739,0.0026871032851747,0.5013750046491623,0.001225009560585,9.425899091921746,0.1920385096349773
diffusion_cosine_v,ode-rk45-adaptive,time_mlp,gaussian_linear_uniform,0.505620002746582,0.0022111180809313,0.5053000152111053,0.0013750195503234,9.67422148771584,0.7011391822655423
diffusion_edm_ve,sde-two_step-adaptive,time_mlp,gaussian_linear_uniform,0.681505000591278,0.0101727658638315,0.6770749986171722,0.0069999992847442,6.553637524694205,0.2055145519443889
diffusion_edm_vp,sde-two_step-adaptive,time_mlp,gaussian_linear_uniform,0.5034200012683868,0.0026874864901904,0.5027750134468079,0.0017000138759613,7.94739193757996,0.1207703635892757
diffusion_edm_vp_ema,sde-two_step-adaptive,time_mlp,gaussian_linear_uniform,0.5054349929094315,0.0030620213626641,0.5049500018358231,0.0022999793291091,7.731052394490689,0.1567413921449603
flow_matching,ode-tsit5-adaptive,time_mlp,gaussian_linear_uniform,0.5058649986982345,0.0034494170523843,0.5054500102996826,0.001499980688095,8.302448723278939,0.0116203465491703
flow_matching_edm,ode-tsit5-adaptive,time_mlp,gaussian_linear_uniform,0.5086300015449524,0.0031900017799951,0.5086250007152557,0.0028750002384185,8.3122523390688,0.0071769323165864
stable_consistency_model,ode-euler,time_mlp,gaussian_linear_uniform,0.566285002231598,0.0046744004952307,0.5666750073432922,0.0022999942302703,0.6831529337912798,0.7056750571919717
consistency_model,ode-euler,time_mlp,gaussian_mixture,0.6064600050449371,0.0156704682197212,0.6074000000953674,0.0121999979019165,0.4344507318921387,0.4417260613664972
cot_flow_matching,ode-rk45-adaptive,time_mlp,gaussian_mixture,0.5661950051784516,0.0358898548831132,0.5517500042915344,0.0223250091075897,8.588042053952814,0.7077155737497435
diffusion_cosine_F,ode-tsit5-adaptive,time_mlp,gaussian_mixture,0.5286049902439117,0.0106499174907449,0.5285749733448029,0.0065250098705291,9.829372473713011,0.1842431218486719
diffusion_cosine_noise,sde-two_step-adaptive,time_mlp,gaussian_mixture,0.520944994688034,0.0116533186602569,0.5176999866962433,0.0061500072479248,10.4773097589612,0.8741012865783069
diffusion_cosine_v,ode-rk45-adaptive,time_mlp,gaussian_mixture,0.5285300076007843,0.0091245131767075,0.5254749953746796,0.0057500004768371,9.500113698653877,0.6780517720831934
diffusion_edm_ve,sde-two_step-adaptive,time_mlp,gaussian_mixture,0.5661899983882904,0.0327264440727827,0.5641250014305115,0.025175005197525,7.315531948022544,0.3963276239334104
diffusion_edm_vp,sde-two_step-adaptive,time_mlp,gaussian_mixture,0.5234949946403503,0.0076525391322606,0.5229249894618988,0.007200002670288,8.686577073018999,0.6567532363770565
diffusion_edm_vp_ema,sde-two_step-adaptive,time_mlp,gaussian_mixture,0.5272199988365174,0.0071512624669541,0.52674999833107,0.003849983215332,8.607584514096379,0.7209556864184321
flow_matching,ode-tsit5-adaptive,time_mlp,gaussian_mixture,0.5401799976825714,0.0090128100279498,0.5367499887943268,0.0066500008106231,8.351522161625326,0.0371887015731224
flow_matching_edm,ode-tsit5-adaptive,time_mlp,gaussian_mixture,0.5419950008392334,0.0077991537082313,0.5434499979019165,0.0037250220775604,8.427381581719965,0.0133366608323364
stable_consistency_model,ode-euler,time_mlp,gaussian_mixture,0.5811450004577636,0.0122436725215089,0.5835750102996826,0.0075750052928924,0.7092717504128814,0.750347245381562
consistency_model,ode-euler,time_mlp,lotka_volterra,0.7459549963474273,0.102347532849718,0.7055749893188477,0.0462499856948852,0.4343321867287159,0.4397202788303838
cot_flow_matching,ode-rk45-adaptive,time_mlp,lotka_volterra,0.6905350029468537,0.0892801649350805,0.6597999930381775,0.0380500257015228,8.594466485083103,0.6732321477683737
diffusion_cosine_F,ode-tsit5-adaptive,time_mlp,lotka_volterra,0.7313500046730042,0.0687344705680934,0.7021250128746033,0.0313000082969665,10.229575502313674,0.126078587826787
diffusion_cosine_noise,sde-two_step-adaptive,time_mlp,lotka_volterra,0.7194799900054931,0.1024094494643613,0.6945749819278717,0.0438250005245208,11.298772735334932,0.480160903343493
diffusion_cosine_v,ode-rk45-adaptive,time_mlp,lotka_volterra,0.7400900006294251,0.0953723818279839,0.7046500146389008,0.0500749945640563,10.002932502515614,0.7346752322644056
diffusion_edm_ve,sde-two_step-adaptive,time_mlp,lotka_volterra,0.7200100004673005,0.0789714366847987,0.7159500122070312,0.0408249795436859,7.623272626567632,0.3780981375192215
diffusion_edm_vp,sde-two_step-adaptive,time_mlp,lotka_volterra,0.7132849991321564,0.0947858620651257,0.6732999980449677,0.0452750027179718,9.653592428006233,0.3679495884186896
diffusion_edm_vp_ema,sde-two_step-adaptive,time_mlp,lotka_volterra,0.700929993391037,0.085963405648435,0.6601249873638153,0.0314750075340271,9.40630215248093,0.3357061019983422
flow_matching,ode-tsit5-adaptive,time_mlp,lotka_volterra,0.7084249973297119,0.1025968476007227,0.6794500052928925,0.0513499975204467,8.319042634777725,0.044575044663597
flow_matching_edm,ode-tsit5-adaptive,time_mlp,lotka_volterra,0.6845650017261505,0.093414665227296,0.6629500091075897,0.0614999830722808,8.66552822077647,0.1860929385952031
stable_consistency_model,ode-euler,time_mlp,lotka_volterra,0.7618799984455109,0.0648695228082858,0.7435500025749207,0.0336500108242034,0.6952552417293191,0.7101784254589052
consistency_model,ode-euler,time_mlp,sir,0.5599199950695037,0.0188179849483352,0.5570499897003174,0.0157249867916107,0.4389606344513595,0.4454857915439238
cot_flow_matching,ode-rk45-adaptive,time_mlp,sir,0.5734200060367585,0.0544666357928278,0.5545249879360199,0.0278749763965606,9.078960483241826,0.6051063946975517
diffusion_cosine_F,ode-tsit5-adaptive,time_mlp,sir,0.542535001039505,0.0170254115180538,0.5359750092029572,0.0119499862194061,10.095228904951364,0.0148480202485075
diffusion_cosine_noise,sde-two_step-adaptive,time_mlp,sir,0.5346699953079224,0.0166555144639386,0.5301249921321869,0.0127249956130981,10.717168322764335,0.5432953548037768
diffusion_cosine_v,ode-rk45-adaptive,time_mlp,sir,0.5397449910640717,0.0184217691564809,0.5311749875545502,0.0098499953746795,9.88617807328701,0.575892569881531
diffusion_edm_ve,sde-two_step-adaptive,time_mlp,sir,0.5503100037574769,0.0214672151242635,0.5442750155925751,0.014350026845932,7.409324221778661,0.3743785018604521
diffusion_edm_vp,sde-two_step-adaptive,time_mlp,sir,0.5296299874782562,0.0183764282852082,0.5232249796390533,0.0144499838352203,9.077597845438868,0.403271679376573
diffusion_edm_vp_ema,sde-two_step-adaptive,time_mlp,sir,0.534535002708435,0.0169020104127462,0.536175012588501,0.008100003004074,8.962989877909422,0.4233219074724328
flow_matching,ode-tsit5-adaptive,time_mlp,sir,0.5441850006580353,0.0218497896000447,0.540800005197525,0.0104999840259552,8.260842946730554,0.0105263719142714
flow_matching_edm,ode-tsit5-adaptive,time_mlp,sir,0.5372099995613098,0.0123908899535898,0.5347999930381775,0.0049249827861785,8.25871990751475,0.1686987314837837
stable_consistency_model,ode-euler,time_mlp,sir,0.5620700001716614,0.0140370850306498,0.5617749989032745,0.0123249888420104,0.6038254249840975,0.6296055368259083
consistency_model,ode-euler,time_mlp,slcp,0.6780099928379059,0.0885164410916719,0.6584499776363373,0.0616249740123748,0.4365400780923664,0.4422717384497271
cot_flow_matching,ode-rk45-adaptive,time_mlp,slcp,0.6354600071907044,0.0950011839786978,0.5861749947071075,0.0332749783992767,8.588853160198777,0.6727319787694124
diffusion_cosine_F,ode-tsit5-adaptive,time_mlp,slcp,0.6626200020313263,0.1023406974454271,0.6012000143527985,0.0372000038623809,9.93459577159956,0.0074651237430925
diffusion_cosine_noise,sde-two_step-adaptive,time_mlp,slcp,0.6431049942970276,0.0902460703086331,0.6092999875545502,0.0429250001907348,14.765906942356375,1.4549937903224373
diffusion_cosine_v,ode-rk45-adaptive,time_mlp,slcp,0.6472250044345855,0.0983595004146236,0.5911499857902527,0.0294749736785888,9.929248599428684,0.7603978643493147
diffusion_edm_ve,sde-two_step-adaptive,time_mlp,slcp,0.7324100017547608,0.0516540132835183,0.7211000025272369,0.0299749970436096,9.5377086462453,0.5460388328866461
diffusion_edm_vp,sde-two_step-adaptive,time_mlp,slcp,0.6381499946117402,0.0973570032952272,0.6069749891757965,0.0638999938964843,10.932772566191852,1.031871218189388
diffusion_edm_vp_ema,sde-two_step-adaptive,time_mlp,slcp,0.6275650024414062,0.0729731975449775,0.6015500128269196,0.0342000126838684,12.899504341743889,1.6707464132247103
flow_matching,ode-tsit5-adaptive,time_mlp,slcp,0.6387649953365326,0.0993677620941175,0.5785999894142151,0.0197249948978424,8.216036455333233,0.0500456726107927
flow_matching_edm,ode-tsit5-adaptive,time_mlp,slcp,0.6217200040817261,0.0861959635116941,0.5742250084877014,0.0287249982357025,8.369605302624404,0.0138410011379027
stable_consistency_model,ode-euler,time_mlp,slcp,0.6885499954223633,0.0938325943361054,0.6345499753952026,0.0165500044822692,0.5865890677087009,0.5917634221355453
consistency_model,ode-euler,time_mlp,slcp_distractors,0.6612900018692016,0.0737758118279389,0.6269749999046326,0.0413249731063842,0.4238943988457322,0.432782034301712
cot_flow_matching,ode-rk45-adaptive,time_mlp,slcp_distractors,0.6349200069904327,0.0892407711904215,0.5782000124454498,0.0293000042438507,8.351897354144603,0.6440346726531777
diffusion_cosine_F,ode-tsit5-adaptive,time_mlp,slcp_distractors,0.6627799928188324,0.0931471113517112,0.6114749908447266,0.0351249873638153,10.17321792030707,0.0262064209049701
diffusion_cosine_noise,sde-two_step-adaptive,time_mlp,slcp_distractors,0.6514900028705597,0.1068399256454995,0.6132250130176544,0.0525250136852264,13.335066974256188,0.9848325870527964
diffusion_cosine_v,ode-rk45-adaptive,time_mlp,slcp_distractors,0.6366700053215026,0.0910306991933375,0.5822000205516815,0.0191750228404998,9.830295107606798,0.6647800152433516
diffusion_edm_ve,sde-two_step-adaptive,time_mlp,slcp_distractors,0.7244000017642975,0.0317951942596253,0.7180000245571136,0.0243500173091888,9.001306257769466,0.7269000404031493
diffusion_edm_vp,sde-two_step-adaptive,time_mlp,slcp_distractors,0.6419849932193756,0.0833272577912283,0.6325249969959259,0.0828750133514404,11.176769902184606,1.1202218991460542
diffusion_edm_vp_ema,sde-two_step-adaptive,time_mlp,slcp_distractors,0.6480949938297271,0.0943204294959111,0.6053999960422516,0.0567249953746795,12.495427048206327,1.2027237118037817
flow_matching,ode-tsit5-adaptive,time_mlp,slcp_distractors,0.6715199947357178,0.1063325056816027,0.6174249947071075,0.0544999837875366,8.394409958273172,0.0120776139540903
flow_matching_edm,ode-tsit5-adaptive,time_mlp,slcp_distractors,0.6545100033283233,0.079918983074161,0.6516499817371368,0.0631999969482421,8.24776076860726,0.0086654367887457
stable_consistency_model,ode-euler,time_mlp,slcp_distractors,0.6924100041389465,0.0721054261074857,0.6707749962806702,0.0461749732494354,0.6326603533700108,0.646911227663488
consistency_model,ode-euler,time_mlp,two_moons,0.5205350041389465,0.0128695306053402,0.5189999938011169,0.0084500014781951,0.4381088498048484,0.4439157849812529
cot_flow_matching,ode-rk45-adaptive,time_mlp,two_moons,0.5529750049114227,0.0406108791471684,0.5439749956130981,0.032874971628189,8.60098125524819,0.7065825427643598
diffusion_cosine_F,ode-tsit5-adaptive,time_mlp,two_moons,0.5129299998283386,0.0083103290372359,0.5130999982357025,0.0060249865055084,10.129821783024818,0.1257609842804305
diffusion_cosine_noise,sde-two_step-adaptive,time_mlp,two_moons,0.5077700078487396,0.0084141971478318,0.5056500136852264,0.0034500062465667,11.872506670560687,0.9320134121780608
diffusion_cosine_v,ode-rk45-adaptive,time_mlp,two_moons,0.5070000052452087,0.0051116001507097,0.5066250264644623,0.0049000084400177,10.06126281004399,0.7406329431015366
diffusion_edm_ve,sde-two_step-adaptive,time_mlp,two_moons,0.5188549935817719,0.0232520837416378,0.5134999752044678,0.0098999738693237,8.19092704737559,0.9506901675962356
diffusion_edm_vp,sde-two_step-adaptive,time_mlp,two_moons,0.5131000101566314,0.0097976011360457,0.5100000202655792,0.001499980688095,9.65342501429841,1.1454543120099918
diffusion_edm_vp_ema,sde-two_step-adaptive,time_mlp,two_moons,0.5072500020265579,0.0049249471185017,0.5065999925136566,0.0053500086069107,9.441662736143916,0.8768022567112158
flow_matching,ode-tsit5-adaptive,time_mlp,two_moons,0.5195199966430664,0.0086703941623064,0.5194500088691711,0.0031499862670898,8.448568973969667,0.0665488086100951
flow_matching_edm,ode-tsit5-adaptive,time_mlp,two_moons,0.5226600050926209,0.0112236364986298,0.5175749957561493,0.006300002336502,7.672009419649839,0.1103410103286816
stable_consistency_model,ode-euler,time_mlp,two_moons,0.5410549938678741,0.0133901566702736,0.5426499843597412,0.0082750022411346,0.6575338280759752,0.6899571564150213
